regime_dimension,signal,horizon,ic_min,ic_max,ic_mean,ic_range
spread_regime,ofi,100,0.1140059714619881,0.23038543270308035,0.16780455558453147,0.11637946124109225
spread_regime,microprice_deviation,100,0.26264577270093864,0.36554330412822494,0.302303494659395,0.1028975314272863
spread_regime,queue_imbalance,100,0.2497119798047334,0.35205984294416737,0.2944962311308316,0.10234786313943398
volatility_regime,microprice_deviation,100,0.26034480931602316,0.3568486415539959,0.31328799281382746,0.09650383223797276
volatility_regime,microprice_deviation,50,0.23410252618879623,0.3201477553952508,0.2803216114743871,0.08604522920645458
volatility_regime,queue_imbalance,100,0.25149953181035206,0.33664129109017865,0.29782401528061164,0.08514175927982659
liquidity_regime,queue_imbalance,25,0.1855379009933172,0.26975121770934096,0.21771343411508912,0.08421331671602375
liquidity_regime,microprice_deviation,100,0.2750750432543599,0.3586255770056958,0.3042238652693808,0.08355053375133592
volatility_regime,queue_imbalance,50,0.23096269593171473,0.3087720269185523,0.2718119570858586,0.0778093309868376
liquidity_regime,ofi,25,0.12219225758002493,0.1977352506825658,0.149094203555487,0.07554299310254088
liquidity_regime,queue_imbalance,10,0.12444531825728711,0.1987053267483358,0.15461042535108152,0.07426000849104869
liquidity_regime,microprice_deviation,10,0.12405321756384044,0.19298542369928895,0.1513275122858049,0.06893220613544851
liquidity_regime,microprice_deviation,25,0.19696712346002448,0.26505146611282415,0.22034057754075434,0.06808434265279967
spread_regime,ofi,50,0.1167168148389876,0.1830903707854299,0.15682261328730407,0.06637355594644229
spread_regime,queue_imbalance,1,0.05562557291327641,0.11922392379210923,0.08459542922762107,0.06359835087883282
liquidity_regime,ofi,50,0.12543472415571577,0.18866102901339843,0.1556942164331576,0.06322630485768266
liquidity_regime,ofi,10,0.1248234554357725,0.185789514702104,0.14930019329657696,0.0609660592663315
volatility_regime,ofi,10,0.11498180273150871,0.1748974077384407,0.14722147299001506,0.05991560500693199
liquidity_regime,ofi,100,0.1354217550926275,0.19442833403873164,0.165979215648149,0.05900657894610414
volatility_regime,ofi,5,0.10116912794712934,0.15322449696197815,0.12921413206865517,0.05205536901484881
spread_regime,queue_imbalance,5,0.09368433781079509,0.1430684740688929,0.12153672043357476,0.0493841362580978
volatility_regime,ofi,25,0.12574378683341142,0.17239264856519793,0.14886928919928913,0.046648861731786506
spread_regime,microprice_deviation,1,0.05233068785948556,0.09853236815031866,0.07547544080178094,0.046201680290833096
volatility_regime,microprice_deviation,25,0.1986580023070527,0.2447960387397781,0.22276080669495105,0.046138036432725404
spread_regime,ofi,25,0.13100277758426504,0.17667692392584158,0.1494928510121716,0.045674146341576544
liquidity_regime,queue_imbalance,100,0.27160976768981415,0.3156372790447118,0.28902236899736217,0.04402751135489763
liquidity_regime,microprice_deviation,5,0.0975055137214238,0.14100976951286281,0.11508801099046735,0.04350425579143902
volatility_regime,queue_imbalance,25,0.2013222464524992,0.2447236069708581,0.22347719500147908,0.04340136051835891
liquidity_regime,ofi,5,0.11245108964495594,0.15535124646454898,0.13188775009182407,0.04290015681959304
spread_regime,queue_imbalance,10,0.1277110166375268,0.16956086417294222,0.15494405118989094,0.04184984753541543
spread_regime,ofi,10,0.13438895034162454,0.1748387893405104,0.14954632491982933,0.04044983899888585
liquidity_regime,queue_imbalance,5,0.1065651771266135,0.14692557579254448,0.1219898165493084,0.04036039866593098
spread_regime,microprice_deviation,5,0.09292366797636863,0.1328678908041833,0.1168925491679248,0.039944222827814665
liquidity_regime,spread,100,-0.016625738101266378,0.022119285704965398,0.0030869479036961986,0.03874502380623178
spread_regime,queue_imbalance,25,0.200530141756872,0.23897365790129346,0.2206178530099605,0.03844351614442146
spread_regime,queue_imbalance,50,0.2431688590379044,0.28160768981259876,0.26749329606688615,0.03843883077469437
spread_regime,microprice_deviation,50,0.2522070375598817,0.2901476687859949,0.2718002738744076,0.037940631226113186
spread_regime,microprice_deviation,10,0.1273094784163541,0.16484438268867416,0.15187485856987112,0.03753490427232006
spread_regime,ofi,5,0.11500572797530587,0.1469784097965304,0.132377766629827,0.031972681821224536
liquidity_regime,microprice_deviation,50,0.2536163855412876,0.2855734432161598,0.2734663089415627,0.03195705767487217
liquidity_regime,queue_imbalance,50,0.2520135007795603,0.28383107316110723,0.2638538937605767,0.03181757238154692
volatility_regime,spread,50,-0.02045792174041025,0.010274154429172618,-0.002146211483330454,0.03073207616958287
spread_regime,microprice_deviation,25,0.20322403210687057,0.2333439385481983,0.22087380073113838,0.030119906441327726
volatility_regime,ofi,1,0.06732746494724787,0.09527807742703517,0.08182298005722621,0.027950612479787307
volatility_regime,spread,100,-0.00946168536604036,0.017222414212147454,0.0074144187859489065,0.026684099578187813
spread_regime,spread,100,-0.0008636116461073236,0.02496584118751365,0.015870045155927433,0.025829452833620974
liquidity_regime,ofi,1,0.07259133645644422,0.09562835680507392,0.08358620735859328,0.0230370203486297
volatility_regime,spread,25,-0.014751632104882359,0.007646999268636906,-0.000591561141023841,0.022398631373519266
liquidity_regime,spread,50,-0.01328306283705003,0.006499461063450368,-0.0038703663921365295,0.0197825239005004
volatility_regime,microprice_deviation,10,0.14234675264897345,0.16169189663970826,0.15156482109022676,0.01934514399073481
volatility_regime,ofi,100,0.16176880135702423,0.18108229512997934,0.16937928171681108,0.019313493772955104
spread_regime,spread,1,-0.012592802822977292,0.006685656929558552,-0.0006822818996187167,0.019278459752535844
spread_regime,spread,5,-0.0059190500646407905,0.012885165603457342,0.003341811632567531,0.01880421566809813
volatility_regime,queue_imbalance,1,0.07785087247949483,0.09598376464547057,0.08531588881643888,0.01813289216597573
liquidity_regime,queue_imbalance,1,0.080759928390009,0.09847718149865523,0.08816738135166591,0.01771725310864622
liquidity_regime,spread,10,-0.0034546284952920885,0.013246158831885221,0.0032835201561592134,0.01670078732717731
liquidity_regime,spread,5,-0.006067172356145386,0.010443377949962461,0.001069759672121414,0.016510550306107846
spread_regime,ofi,1,0.07418077809908243,0.09062095031715739,0.08440025711707395,0.016440172218074964
volatility_regime,ofi,50,0.14768670239405798,0.1640026942949377,0.1579469019701243,0.016315991900879706
volatility_regime,queue_imbalance,10,0.1502909132982102,0.16543889706120726,0.15693715680007006,0.015147983762997058
liquidity_regime,spread,25,-0.008427489240493977,0.006081366491880719,-0.002883054576586198,0.014508855732374697
volatility_regime,spread,10,-0.0034808129401127717,0.010158201193457271,0.00467754889996769,0.013639014133570044
volatility_regime,microprice_deviation,1,0.06684734585134228,0.07949475157316375,0.07213604103246908,0.012647405721821478
spread_regime,spread,50,0.0009256347336850568,0.01173797271145236,0.0072762027790380275,0.010812337977767303
spread_regime,spread,10,0.001818284608541391,0.01261247924144821,0.007117434925534252,0.010794194632906819
volatility_regime,spread,1,-0.005140849628952314,0.0052665975517537334,0.00014031895517960304,0.010407447180706048
liquidity_regime,spread,1,-0.007035789388580473,0.000687780049649419,-0.002521150267694934,0.007723569438229892
volatility_regime,spread,5,0.0003776070004925246,0.007398928625668584,0.003789810358566008,0.007021321625176059
spread_regime,spread,25,0.002820995383973461,0.00889556761126018,0.005778613309099391,0.006074572227286719
volatility_regime,queue_imbalance,5,0.11987156788206929,0.12591984424670324,0.12256104183856381,0.006048276364633953
volatility_regime,microprice_deviation,5,0.11270757587544851,0.11612775963707073,0.1148666965671271,0.003420183761622217
liquidity_regime,microprice_deviation,1,0.0727077117302091,0.0744393159971366,0.07373240401180324,0.0017316042669275056
